Type,Family
Particulares,Não vida
Particulares,Não vida
Particulares,Não vida
Particulares,Não vida
Particulares,Não vida
Particulares,Não vida
Particulares,Não vida
Particulares,Não vida
Particulares,Não vida
Particulares,Não vida
Particulares,Não vida
Particulares,Não vida
Particulares,Não vida
Particulares,Não vida
Particulares,Não vida
Particulares,Não vida
Particulares,Não vida
Particulares,Não vida
Particulares,Não vida
Particulares,Não vida
Particulares,Não vida
Particulares,Não vida
Particulares,Não vida
Particulares,Não vida
Particulares,Não vida
Particulares,Não vida
Particulares,Não vida
Particulares,Não vida
Particulares,Não vida
Particulares,Não vida
Particulares,Não vida
Particulares,Não vida
Particulares,Não vida
Particulares,Não vida
Particulares,Não vida
Particulares,Vida
Particulares,Vida
Particulares,Vida
Particulares,Vida
Particulares,Vida
Particulares,Vida
Particulares,Vida
Particulares,Vida
Particulares,Vida
Particulares,Vida
Particulares,Vida
Particulares,Vida
Particulares,Vida
Particulares,Vida
Particulares,Vida
Particulares,Vida
